run,checkpoint,threshold,kind,image,index,score,x1,y1,x2,y2,best_iou_gt,best_iou_pred,best_pred_score,found_at_any_conf,other_run_agrees,size_px,suggested_category,basis,reviewed_category,notes,example_image
submission_640,best.pt,0.4847066402435303,missed_bag,788,3,,510.0,242.0,585.0,348.0,,0.0,,False,,89.16277250063504,model error,"never detected at IoU >= 0.5, even at conf 0.001",,,examples/model_error/submission_640_fn_000_788.jpg
submission_640,best.pt,0.4847066402435303,missed_bag,513,0,,269.0,262.0,304.0,321.0,,0.0,,False,,45.44227107000705,model error,"never detected at IoU >= 0.5, even at conf 0.001",,,examples/model_error/submission_640_fn_001_513.jpg
submission_640,best.pt,0.4847066402435303,missed_bag,199,1,,404.0,142.0,467.0,210.0,,0.0,0.38634592294692993,True,,65.45227268781429,model error,detected only below the operating threshold,,,examples/model_error/submission_640_fn_002_199.jpg
submission_640,best.pt,0.4847066402435303,missed_bag,remondis_1-2022-07-19-08-05-38,0,,362.0,123.0,437.0,184.0,,0.0,0.23725733160972595,True,,67.63874629234341,model error,detected only below the operating threshold,,,examples/model_error/submission_640_fn_003_remondis_1-2022-07-19-08-05-38.jpg
submission_640,best.pt,0.4847066402435303,missed_bag,remondis_1-2022-07-19-08-05-19,0,,283.0,161.0,354.0,223.0,,0.0,0.18357139825820923,True,,66.34756966159348,model error,detected only below the operating threshold,,,examples/model_error/submission_640_fn_004_remondis_1-2022-07-19-08-05-19.jpg
submission_640,best.pt,0.4847066402435303,missed_bag,764,0,,300.0,288.0,363.0,348.0,,0.0,0.14467652142047882,True,,61.48170459575759,model error,detected only below the operating threshold,,,examples/model_error/submission_640_fn_005_764.jpg
submission_640,best.pt,0.4847066402435303,missed_bag,vlcsnap-2022-08-06-14h52m36s868,5,,144.0,261.0,225.0,348.0,,0.0,0.06732824444770813,True,,83.94641147779933,model error,detected only below the operating threshold,,,examples/model_error/submission_640_fn_006_vlcsnap-2022-08-06-14h52m36s868.jpg
submission_640,best.pt,0.4847066402435303,missed_bag,vlcsnap-2022-08-06-15h53m05s928,0,,668.0,239.0,758.0,326.0,,0.0,0.03548514097929001,True,,88.48728722251576,model error,detected only below the operating threshold,,,examples/model_error/submission_640_fn_007_vlcsnap-2022-08-06-15h53m05s928.jpg
submission_640,best.pt,0.4847066402435303,missed_bag,578,1,,285.0,228.0,344.0,272.0,,0.0,0.011699916794896126,True,,50.950956811427986,model error,detected only below the operating threshold,,,examples/model_error/submission_640_fn_008_578.jpg
submission_640,best.pt,0.4847066402435303,missed_bag,320,2,,328.0,129.0,385.0,208.0,,0.0,0.0017008777940645814,True,,67.10439627923047,model error,detected only below the operating threshold,,,examples/model_error/submission_640_fn_009_320.jpg
submission_640,best.pt,0.4847066402435303,missed_bag,vlcsnap-2022-08-06-13h57m05s560,0,,160.0,292.0,280.0,387.0,,0.0,0.45261478424072266,True,,106.7707825203131,model error,detected only below the operating threshold,,,examples/model_error/submission_640_fn_010_vlcsnap-2022-08-06-13h57m05s560.jpg
submission_640,best.pt,0.4847066402435303,missed_bag,vlcsnap-2022-08-06-14h31m45s907,0,,630.0,376.0,744.0,489.0,,0.0,0.3139794170856476,True,,113.49889867307083,model error,detected only below the operating threshold,,,examples/model_error/submission_640_fn_011_vlcsnap-2022-08-06-14h31m45s907.jpg
submission_640,best.pt,0.4847066402435303,missed_bag,vlcsnap-2022-08-06-16h01m36s203,3,,489.0,329.0,623.0,459.0,,0.0,0.2644050717353821,True,,131.98484761517133,model error,detected only below the operating threshold,,,examples/model_error/submission_640_fn_012_vlcsnap-2022-08-06-16h01m36s203.jpg
submission_640,best.pt,0.4847066402435303,missed_bag,vlcsnap-2022-08-06-15h41m10s093,2,,578.0,408.0,698.0,558.0,,0.0,0.22307047247886658,True,,134.16407864998737,model error,detected only below the operating threshold,,,examples/model_error/submission_640_fn_013_vlcsnap-2022-08-06-15h41m10s093.jpg
submission_640,best.pt,0.4847066402435303,missed_bag,vlcsnap-2022-08-06-13h35m58s922,1,,374.0,248.0,496.0,327.0,,0.0,0.18905600905418396,True,,98.17331613019904,model error,detected only below the operating threshold,,,examples/model_error/submission_640_fn_014_vlcsnap-2022-08-06-13h35m58s922.jpg
submission_640,best.pt,0.4847066402435303,missed_bag,vlcsnap-2022-08-06-13h29m35s661,1,,644.0,382.0,838.0,535.0,,0.0,0.13686256110668182,True,,172.28464818433474,model error,detected only below the operating threshold,,,examples/model_error/submission_640_fn_015_vlcsnap-2022-08-06-13h29m35s661.jpg
submission_640,best.pt,0.4847066402435303,missed_bag,vlcsnap-2022-08-06-15h00m01s244,0,,671.0,383.0,902.0,629.0,,0.0,0.07644685357809067,True,,238.38204630382717,model error,detected only below the operating threshold,,,examples/model_error/submission_640_fn_016_vlcsnap-2022-08-06-15h00m01s244.jpg
submission_640,best.pt,0.4847066402435303,missed_bag,vlcsnap-2022-08-06-13h39m19s469,3,,713.0,507.0,833.0,593.0,,0.0,0.0031695852521806955,True,,101.58740079360236,model error,detected only below the operating threshold,,,examples/model_error/submission_640_fn_017_vlcsnap-2022-08-06-13h39m19s469.jpg
